{"count":1,"self":5109.7284608,"total":19202.880435,"children":{"InitializeActuators":{"count":8,"self":0.0020009999999999997,"total":0.0020009999999999997,"children":null},"InitializeSensors":{"count":8,"self":0.0040003999999999994,"total":0.0040003999999999994,"children":null},"AgentInfo.ToProto":{"count":19,"self":0.0010151,"total":0.0080109,"children":{"GenerateSensorData":{"count":19,"self":0.0050003,"total":0.0069958,"children":{"RayPerceptionSensor.Perceive":{"count":38,"self":0.0019955,"total":0.0019955,"children":null}}}}},"AgentSendState":{"count":3125351,"self":3223.1231488,"total":7787.4870943999995,"children":{"CollectObservations":{"count":5000568,"self":4352.567296,"total":4352.5672624,"children":null},"WriteActionMask":{"count":5000568,"self":5.6772611999999993,"total":5.6772611,"children":null},"RequestDecision":{"count":5000568,"self":24.237211199999997,"total":206.11947229999998,"children":{"AgentInfo.ToProto":{"count":5000568,"self":35.4474272,"total":181.8822616,"children":{"GenerateSensorData":{"count":5000568,"self":109.3574912,"total":146.4348343,"children":{"RayPerceptionSensor.Perceive":{"count":10001136,"self":37.077344,"total":37.0773453,"children":null}}}}}}}}},"DecideAction":{"count":3125351,"self":6178.2065152,"total":6178.2065007,"children":null},"AgentAct":{"count":3125351,"self":127.16799999999999,"total":127.443435,"children":{"AgentInfo.ToProto":{"count":4990,"self":0.0539785,"total":0.2754319,"children":{"GenerateSensorData":{"count":4990,"self":0.1664163,"total":0.2214534,"children":{"RayPerceptionSensor.Perceive":{"count":9980,"self":0.0550371,"total":0.0550371,"children":null}}}}}}}},"gauges":{"Agent.CumulativeReward":{"count":5009,"max":22.2000027,"min":-143.4,"runningAverage":0.216728866,"value":6.6,"weightedAverage":5.09715128}},"metadata":{"timer_format_version":"0.1.0","start_time_seconds":"1721346502","unity_version":"2022.3.6f1","command_line_arguments":"C:\\Program Files\\Unity\\Hub\\Editor\\2022.3.6f1-x86_64\\Editor\\Unity.exe -projectpath C:\\Users\\kdsge\\OneDrive\\Documents\\UWE\\Year 3\\CCTP\\Repo\\ML-Procedural-Content-Generation\\19007744-ML in PCG -useHub -hubIPC -cloudEnvironment production -licensingIpc LicenseClient-kdsge -hubSessionId 5dfcaa1e-8755-4fec-b9c5-8049a1deeba5 -accessToken WKD8aXWgJ6Vht0ZHi_qv7RhuraXVQ99BmMpP9fAbjXY005f","communication_protocol_version":"1.5.0","com.unity.ml-agents_version":"2.0.1","scene_name":"PCG - Iteration 5","end_time_seconds":"1721365705"}}