{
    "name": "root",
    "gauges": {
        "Agent.Policy.Entropy.mean": {
            "value": 1.284923791885376,
            "min": 1.2848479747772217,
            "max": 1.421545147895813,
            "count": 500
        },
        "Agent.Policy.Entropy.sum": {
            "value": 12910.9140625,
            "min": 11113.3251953125,
            "max": 15920.7294921875,
            "count": 500
        },
        "Agent.Step.mean": {
            "value": 4999973.0,
            "min": 9920.0,
            "max": 4999973.0,
            "count": 500
        },
        "Agent.Step.sum": {
            "value": 4999973.0,
            "min": 9920.0,
            "max": 4999973.0,
            "count": 500
        },
        "Agent.Policy.ExtrinsicValueEstimate.mean": {
            "value": 0.42873382568359375,
            "min": -2.098628520965576,
            "max": 0.9723290801048279,
            "count": 500
        },
        "Agent.Policy.ExtrinsicValueEstimate.sum": {
            "value": 34.727439880371094,
            "min": -167.89027404785156,
            "max": 76.81399536132812,
            "count": 500
        },
        "Agent.Environment.EpisodeLength.mean": {
            "value": 999.0,
            "min": 839.4,
            "max": 999.0,
            "count": 500
        },
        "Agent.Environment.EpisodeLength.sum": {
            "value": 11988.0,
            "min": 7902.0,
            "max": 15984.0,
            "count": 500
        },
        "Agent.Environment.CumulativeReward.mean": {
            "value": 3.676923161515823,
            "min": -69.30000005476177,
            "max": 12.800000116229057,
            "count": 500
        },
        "Agent.Environment.CumulativeReward.sum": {
            "value": 47.800001099705696,
            "min": -554.4000004380941,
            "max": 137.80000133812428,
            "count": 500
        },
        "Agent.Policy.ExtrinsicReward.mean": {
            "value": 3.676923161515823,
            "min": -69.30000005476177,
            "max": 12.800000116229057,
            "count": 500
        },
        "Agent.Policy.ExtrinsicReward.sum": {
            "value": 47.800001099705696,
            "min": -554.4000004380941,
            "max": 137.80000133812428,
            "count": 500
        },
        "Agent.IsTraining.mean": {
            "value": 1.0,
            "min": 1.0,
            "max": 1.0,
            "count": 500
        },
        "Agent.IsTraining.sum": {
            "value": 1.0,
            "min": 1.0,
            "max": 1.0,
            "count": 500
        },
        "Agent.Losses.PolicyLoss.mean": {
            "value": 0.0188778320637842,
            "min": 0.009819086829277996,
            "max": 0.02464323779277038,
            "count": 239
        },
        "Agent.Losses.PolicyLoss.sum": {
            "value": 0.0188778320637842,
            "min": 0.009819086829277996,
            "max": 0.02464323779277038,
            "count": 239
        },
        "Agent.Losses.ValueLoss.mean": {
            "value": 0.13109535723924637,
            "min": 0.026695013729234537,
            "max": 0.9625731468200683,
            "count": 239
        },
        "Agent.Losses.ValueLoss.sum": {
            "value": 0.13109535723924637,
            "min": 0.026695013729234537,
            "max": 0.9625731468200683,
            "count": 239
        },
        "Agent.Policy.LearningRate.mean": {
            "value": 5.249198250600037e-07,
            "min": 5.249198250600037e-07,
            "max": 0.0002987382004206,
            "count": 239
        },
        "Agent.Policy.LearningRate.sum": {
            "value": 5.249198250600037e-07,
            "min": 5.249198250600037e-07,
            "max": 0.0002987382004206,
            "count": 239
        },
        "Agent.Policy.Epsilon.mean": {
            "value": 0.10017494000000002,
            "min": 0.10017494000000002,
            "max": 0.19957940000000007,
            "count": 239
        },
        "Agent.Policy.Epsilon.sum": {
            "value": 0.10017494000000002,
            "min": 0.10017494000000002,
            "max": 0.19957940000000007,
            "count": 239
        },
        "Agent.Policy.Beta.mean": {
            "value": 1.872950600000006e-05,
            "min": 1.872950600000006e-05,
            "max": 0.004979012060000001,
            "count": 239
        },
        "Agent.Policy.Beta.sum": {
            "value": 1.872950600000006e-05,
            "min": 1.872950600000006e-05,
            "max": 0.004979012060000001,
            "count": 239
        }
    },
    "metadata": {
        "timer_format_version": "0.1.0",
        "start_time_seconds": "1721325208",
        "python_version": "3.7.16 (default, Jan 17 2023, 16:06:28) [MSC v.1916 64 bit (AMD64)]",
        "command_line_arguments": "C:\\Users\\kdsge\\anaconda3\\envs\\ML-in-PCG\\Scripts\\mlagents-learn ./trainer_config.yaml --run-id pcg_05",
        "mlagents_version": "0.29.0",
        "mlagents_envs_version": "0.29.0",
        "communication_protocol_version": "1.5.0",
        "pytorch_version": "1.13.1+cpu",
        "numpy_version": "1.21.2",
        "end_time_seconds": "1721346042"
    },
    "total": 20833.445034,
    "count": 1,
    "self": 0.023491800002375385,
    "children": {
        "run_training.setup": {
            "total": 0.28505439999999993,
            "count": 1,
            "self": 0.28505439999999993
        },
        "TrainerController.start_learning": {
            "total": 20833.1364878,
            "count": 1,
            "self": 23.66734170054042,
            "children": {
                "TrainerController._reset_env": {
                    "total": 67.0563979,
                    "count": 1,
                    "self": 67.0563979
                },
                "TrainerController.advance": {
                    "total": 20742.29911919946,
                    "count": 626067,
                    "self": 12.536689999302325,
                    "children": {
                        "env_step": {
                            "total": 20729.762429200156,
                            "count": 626067,
                            "self": 18100.207592299354,
                            "children": {
                                "SubprocessEnvManager._take_step": {
                                    "total": 2617.1893223006696,
                                    "count": 626067,
                                    "self": 52.4600815008921,
                                    "children": {
                                        "TorchPolicy.evaluate": {
                                            "total": 2564.7292407997775,
                                            "count": 625047,
                                            "self": 572.2849191983983,
                                            "children": {
                                                "TorchPolicy.sample_actions": {
                                                    "total": 1992.4443216013792,
                                                    "count": 625047,
                                                    "self": 1992.4443216013792
                                                }
                                            }
                                        }
                                    }
                                },
                                "workers": {
                                    "total": 12.365514600132528,
                                    "count": 626067,
                                    "self": 0.0,
                                    "children": {
                                        "worker_root": {
                                            "total": 20738.229155500067,
                                            "count": 626067,
                                            "is_parallel": true,
                                            "self": 4007.5373277000763,